pergunta,resposta,correta
"O que Ã© ansiedade?", "Ansiedade Ã© uma resposta natural a situaÃ§Ãµes de estresse.", sim
"Como tratar a depressÃ£o?", "DepressÃ£o pode ser tratada com terapia.", nÃ£o
posso ter namoradinhas?,Praticar uma rotina relaxante antes de dormir e evitar eletrônicos pode ajudar a melhorar o sono.,não
posso ter namoradinhas?,Ter "namoradinhas", que geralmente se refere a ter relacionamentos mais informais ou casuais, é uma escolha pessoal e depende do que você e as outras pessoas envolvidas desejam. É importante ser claro sobre suas intenções e ter uma comunicação aberta com as pessoas com quem você está se relacionando. Isso ajuda a evitar mal-entendidos e garantir que todos estejam na mesma página quanto ao tipo de relacionamento que estão buscando. Além disso, lembre-se sempre de respeitar os sentimentos e limites dos outros.,não
posso ter namoradinhas?,Ter "namoradinhas" ou relacionamentos casuais é uma escolha pessoal e depende de vários fatores, como seus sentimentos, a dinâmica que você tem com as pessoas envolvidas e o que todos esperam desse tipo de interação. É importante que todas as partes estejam de acordo e que haja comunicação clara sobre o que cada um quer. Assim, fica mais fácil evitar mal-entendidos e garantir que todos se sintam confortáveis. Se você está pensando em ter relacionamentos assim, considere também suas emoções e a forma como isso pode impactar você e as outras pessoas. É sempre bom agir com respeito e honestidade!,sim
posso ter namoradinhas?,Ter "namoradinhas" ou relacionamentos casuais é uma escolha pessoal e depende de vários fatores, como seus sentimentos, a dinâmica que você tem com as pessoas envolvidas e o que todos esperam desse tipo de interação. É importante que todas as partes estejam de acordo e que haja comunicação clara sobre o que cada um quer. Assim, fica mais fácil evitar mal-entendidos e garantir que todos se sintam confortáveis. Se você está pensando em ter relacionamentos assim, considere também suas emoções e a forma como isso pode impactar você e as outras pessoas. É sempre bom agir com respeito e honestidade!,sim
posso ter namoradinhas?,Ter "namoradinhas" ou relacionamentos casuais é uma escolha pessoal e depende de vários fatores, como seus sentimentos, a dinâmica que você tem com as pessoas envolvidas e o que todos esperam desse tipo de interação. É importante que todas as partes estejam de acordo e que haja comunicação clara sobre o que cada um quer. Assim, fica mais fácil evitar mal-entendidos e garantir que todos se sintam confortáveis. Se você está pensando em ter relacionamentos assim, considere também suas emoções e a forma como isso pode impactar você e as outras pessoas. É sempre bom agir com respeito e honestidade!,sim
posso ter namoradinhas?,Ter "namoradinhas" ou relacionamentos casuais é uma escolha pessoal e depende de vários fatores, como seus sentimentos, a dinâmica que você tem com as pessoas envolvidas e o que todos esperam desse tipo de interação. É importante que todas as partes estejam de acordo e que haja comunicação clara sobre o que cada um quer. Assim, fica mais fácil evitar mal-entendidos e garantir que todos se sintam confortáveis. Se você está pensando em ter relacionamentos assim, considere também suas emoções e a forma como isso pode impactar você e as outras pessoas. É sempre bom agir com respeito e honestidade!,sim
posso ter namoradinhas?,Ter "namoradinhas" ou relacionamentos casuais é uma escolha pessoal e depende de vários fatores, como seus sentimentos, a dinâmica que você tem com as pessoas envolvidas e o que todos esperam desse tipo de interação. É importante que todas as partes estejam de acordo e que haja comunicação clara sobre o que cada um quer. Assim, fica mais fácil evitar mal-entendidos e garantir que todos se sintam confortáveis. Se você está pensando em ter relacionamentos assim, considere também suas emoções e a forma como isso pode impactar você e as outras pessoas. É sempre bom agir com respeito e honestidade!,sim
posso ter namoradinhas?,Ter "namoradinhas" ou relacionamentos casuais é uma escolha pessoal e depende de vários fatores, como seus sentimentos, a dinâmica que você tem com as pessoas envolvidas e o que todos esperam desse tipo de interação. É importante que todas as partes estejam de acordo e que haja comunicação clara sobre o que cada um quer. Assim, fica mais fácil evitar mal-entendidos e garantir que todos se sintam confortáveis. Se você está pensando em ter relacionamentos assim, considere também suas emoções e a forma como isso pode impactar você e as outras pessoas. É sempre bom agir com respeito e honestidade!,sim
posso ter namoradinhas?,Ter "namoradinhas" ou relacionamentos casuais é uma escolha pessoal e depende de vários fatores, como seus sentimentos, a dinâmica que você tem com as pessoas envolvidas e o que todos esperam desse tipo de interação. É importante que todas as partes estejam de acordo e que haja comunicação clara sobre o que cada um quer. Assim, fica mais fácil evitar mal-entendidos e garantir que todos se sintam confortáveis. Se você está pensando em ter relacionamentos assim, considere também suas emoções e a forma como isso pode impactar você e as outras pessoas. É sempre bom agir com respeito e honestidade!,sim
o que você acha do elden ring a dlc como jogo do ano?,"Elden Ring" realmente se destacou como um dos grandes lançamentos de 2022 e foi amplamente elogiado pela crítica e pelos jogadores. Com um mundo aberto vasto, uma narrativa profunda, e a famosa jogabilidade desafiadora da FromSoftware, o jogo conquistou muitos fãs. Se considerarmos a DLC de "Elden Ring" como um potencial "jogo do ano", depende do que ela oferece. DLCs que acrescentam conteúdo significativo, como novas áreas, histórias, chefes e mecânicas de jogo, podem, de fato, elevar a experiência e até competir pelo título. No entanto, classificar uma DLC como "jogo do ano" pode ser controverso, visto que muitas premiações focam em,sim
estou gripado. o que devo fazer?,Sinto muito que você esteja gripado! Aqui estão algumas dicas que podem ajudar: 1. **Descanse**: O descanso é fundamental para que o seu corpo possa se recuperar. 2. **Hidrate-se**: Beba bastante água, chás ou caldos. A hidratação ajuda a manter as mucosas úmidas e pode aliviar a congestão. 3. **Alimente-se bem**: Tente consumir uma dieta equilibrada, rica em frutas e vegetais. Alimentos com vitamina C, como laranjas e kiwis, podem ajudar seu sistema imunológico. 4. **Use descongestionantes**: Se necessário, você pode usar descongestionantes nasais ou sprays salinos para ajudar a aliviar,sim
posso ter namoradinhas?,Ter "namoradinhas" ou relacionamentos casuais é uma escolha pessoal e depende de vários fatores, como seus sentimentos, a dinâmica que você tem com as pessoas envolvidas e o que todos esperam desse tipo de interação. É importante que todas as partes estejam de acordo e que haja comunicação clara sobre o que cada um quer. Assim, fica mais fácil evitar mal-entendidos e garantir que todos se sintam confortáveis. Se você está pensando em ter relacionamentos assim, considere também suas emoções e a forma como isso pode impactar você e as outras pessoas. É sempre bom agir com respeito e honestidade!,sim
